[
    {
        "condition": "alternative",
        "terms": [
            {
                "condition": "entity_properties",
                "entity": "this",
                "predicate": {
                    "type": "#specmobs:2",
                    "nbt": "{Tags:[\"specmobs_throw\"]}"
                }
            },
            {
                "condition": "entity_properties",
                "entity": "this",
                "predicate": {
                    "type": "item",
                    "nbt": "{Tags:[\"specmobs_silverfish\"]}"
                }
            },
            {
                "condition": "entity_properties",
                "entity": "this",
                "predicate": {
                    "type": "item",
                    "nbt": "{Tags:[\"specmobs_throw_silverfish\"]}"
                }
            },
            {
                "condition": "entity_properties",
                "entity": "this",
                "predicate": {
                    "type": "item",
                    "nbt": "{Item:{tag:{specmobs_silverfish:1b}}}"
                }
            },
            {
                "condition": "entity_properties",
                "entity": "this",
                "predicate": {
                    "type": "shulker_bullet",
                    "nbt": "{Tags:[\"specmobs_wizard\"]}"
                }
            },
            {
                "condition": "entity_properties",
                "entity": "this",
                "predicate": {
                    "type": "small_fireball",
                    "nbt": "{Tags:[\"specmobs_burst_blaze3\"]}"
                }
            },
            {
                "condition": "entity_properties",
                "entity": "this",
                "predicate": {
                    "type": "area_effect_cloud",
                    "nbt": "{Tags:[\"specmobs_burst_blaze3\"]}"
                }
            },
            {
                "condition": "entity_properties",
                "entity": "this",
                "predicate": {
                    "type": "marker",
                    "nbt": "{Tags:[\"specmobs_slfsM\"]}"
                }
            },
            {
                "condition": "entity_properties",
                "entity": "this",
                "predicate": {
                    "type": "area_effect_cloud",
                    "nbt": "{Tags:[\"specmobs_slfs0\"]}"
                }
            }
        ]
    }
]