[
    {
        "condition": "alternative",
        "terms": [
            {
                "condition": "entity_properties",
                "entity": "this",
                "predicate": {
                    "type": "area_effect_cloud",
                    "nbt": "{Tags:[\"specmobs_web\"]}"
                }
            },
            {
                "condition": "entity_properties",
                "entity": "this",
                "predicate": {
                    "type": "area_effect_cloud",
                    "nbt": "{Tags:[\"specmobs_tnt\"]}"
                }
            },
            {
                "condition": "entity_properties",
                "entity": "this",
                "predicate": {
                    "type": "area_effect_cloud",
                    "nbt": "{Tags:[\"specmobs_furnace\"]}"
                }
            }
        ]
    }
]