{
  "parent": "specmobs:kill/root",
  "display": {
    "icon": {
      "item": "minecraft:stick",
      "nbt": "{Damage:0}"
    },
    "title": {
      "text": "渣渣"
    },
    "description": "+1 xp",
    "announce_to_chat": false,
    "show_toast": false,
    "hidden": true
  },
  "rewards": {
    "function": "specmobs:kill/0"
  },
  "criteria": {
    "kill": {
      "trigger": "minecraft:player_killed_entity",
      "conditions": {
        "entity": [
          {
            "condition": "any_of",
            "terms": [
              {
                "condition": "minecraft:entity_properties",
                "predicate": {
                  "type": "#specmobs:kill/0"
                },
                "entity": "this"
              }
            ]
          }
        ]
      }
    }
  }
}