{
  "parent": "specmobs:kill/root",
  "display": {
    "icon": {
      "item": "minecraft:crying_obsidian",
      "nbt": "{Damage:0,Enchantments:[]}"
    },
    "title": {
      "text": "精英异变怪"
    },
    "description": "+15 xp",
    "announce_to_chat": false,
    "show_toast": false,
    "hidden": true
  },
  "rewards": {
    "function": "specmobs:kill/ss_plus"
  },
  "criteria": {
    "kill": {
      "trigger": "minecraft:player_killed_entity",
      "conditions": {
        "entity": [
          {
            "condition": "minecraft:entity_properties",
            "predicate": {
              "type": "#specmobs:monster",
              "nbt": "{Tags:[\"specmobs_ss\",\"specmobs_plus\"]}"
            },
            "entity": "this"
          }
        ]
      }
    }
  }
}