{
  "type": "minecraft:entity",
  "pools": [
    {
      "rolls": 1,
      "entries": [
        {
          "type": "minecraft:loot_table",
          "name": "minecraft:entities/zombie",
          "conditions": [
            {
              "condition": "entity_properties",
              "entity": "this",
              "predicate": {
                "type": "#specmobs:zombie"
              }
            }
          ]
        },
        {
          "type": "minecraft:loot_table",
          "name": "minecraft:entities/skeleton",
          "conditions": [
            {
              "condition": "entity_properties",
              "entity": "this",
              "predicate": {
                "type": "minecraft:skeleton"
              }
            }
          ]
        },
        {
          "type": "minecraft:loot_table",
          "name": "minecraft:entities/stray",
          "conditions": [
            {
              "condition": "entity_properties",
              "entity": "this",
              "predicate": {
                "type": "minecraft:stray"
              }
            }
          ]
        },
        {
          "type": "minecraft:loot_table",
          "name": "minecraft:entities/wither_skeleton",
          "conditions": [
            {
              "condition": "entity_properties",
              "entity": "this",
              "predicate": {
                "type": "minecraft:wither_skeleton"
              }
            }
          ]
        }
      ]
    },
    {
      "rolls": 1,
      "entries": [
        {
          "type": "minecraft:item",
          "functions": [
            {
              "function": "minecraft:set_count",
              "count": {
                "min": 2.0,
                "max": 5.0,
                "type": "minecraft:uniform"
              }
            },
            {
              "function": "minecraft:looting_enchant",
              "count": {
                "min": 1.0,
                "max": 2.0
              }
            }
          ],
          "conditions": [
            {
              "condition": "inverted",
              "term": {
                "condition": "entity_properties",
                "entity": "this",
                "predicate": {
                  "equipment": {
                    "head": {
                      "items": [
                        "smoker"
                      ]
                    }
                  }
                }
              }
            }
          ],
          "name": "minecraft:coal"
        },
        {
          "type": "minecraft:item",
          "functions": [
            {
              "function": "minecraft:set_count",
              "count": {
                "min": 2.0,
                "max": 5.0,
                "type": "minecraft:uniform"
              }
            },
            {
              "function": "minecraft:looting_enchant",
              "count": {
                "min": 1.0,
                "max": 2.0
              }
            }
          ],
          "conditions": [
            {
              "condition": "entity_properties",
              "entity": "this",
              "predicate": {
                "equipment": {
                  "head": {
                    "items": [
                      "smoker"
                    ]
                  }
                }
              }
            }
          ],
          "name": "minecraft:charcoal"
        }
      ]
    },
    {
      "rolls": 1,
      "entries": [
        {
          "type": "loot_table",
          "name": "specmobs:ss/xp"
        }
      ]
    }
  ]
}