{
  "type": "minecraft:entity",
  "pools": [
    {
      "rolls": 1,
      "entries": [
        {
          "type": "minecraft:loot_table",
          "name": "minecraft:entities/zombie",
          "conditions": [
            {
              "condition": "entity_properties",
              "entity": "this",
              "predicate": {
                "type": "#specmobs:zombie"
              }
            }
          ]
        },
        {
          "type": "minecraft:loot_table",
          "name": "minecraft:entities/skeleton",
          "conditions": [
            {
              "condition": "entity_properties",
              "entity": "this",
              "predicate": {
                "type": "minecraft:skeleton"
              }
            }
          ]
        },
        {
          "type": "minecraft:loot_table",
          "name": "minecraft:entities/stray",
          "conditions": [
            {
              "condition": "entity_properties",
              "entity": "this",
              "predicate": {
                "type": "minecraft:stray"
              }
            }
          ]
        },
        {
          "type": "minecraft:loot_table",
          "name": "minecraft:entities/drowned",
          "conditions": [
            {
              "condition": "entity_properties",
              "entity": "this",
              "predicate": {
                "type": "minecraft:drowned"
              }
            }
          ]
        }
      ]
    },
    {
      "rolls": 1,
      "entries": [
        {
          "type": "loot_table",
          "name": "specmobs:ss/xp"
        }
      ]
    }
  ]
}