{
  "type": "minecraft:entity",
  "pools": [
    {
      "rolls": 1,
      "entries": [
        {
          "type": "minecraft:loot_table",
          "name": "minecraft:entities/zombie",
          "conditions": [
            {
              "condition": "entity_properties",
              "entity": "this",
              "predicate": {
                "type": "#specmobs:zombie"
              }
            }
          ]
        },
        {
          "type": "minecraft:loot_table",
          "name": "minecraft:entities/skeleton",
          "conditions": [
            {
              "condition": "entity_properties",
              "entity": "this",
              "predicate": {
                "type": "minecraft:skeleton"
              }
            }
          ]
        },
        {
          "type": "minecraft:loot_table",
          "name": "minecraft:entities/stray",
          "conditions": [
            {
              "condition": "entity_properties",
              "entity": "this",
              "predicate": {
                "type": "minecraft:stray"
              }
            }
          ]
        }
      ]
    },
    {
      "rolls": 1,
      "entries": [
        {
          "type": "minecraft:item",
          "conditions": [
            {
              "condition": "entity_properties",
              "entity": "this",
              "predicate": {
                "type": "minecraft:skeleton"
              }
            }
          ],
          "functions": [
            {
              "function": "minecraft:set_count",
              "count": {
                "min": 14.0,
                "max": 28.0,
                "type": "minecraft:uniform"
              }
            },
            {
              "function": "minecraft:looting_enchant",
              "count": {
                "min": 1.0,
                "max": 3.0
              }
            }
          ],
          "name": "minecraft:arrow"
        },
        {
          "type": "minecraft:item",
          "conditions": [
            {
              "condition": "entity_properties",
              "entity": "this",
              "predicate": {
                "type": "minecraft:stray"
              }
            }
          ],
          "functions": [
            {
              "function": "minecraft:set_count",
              "count": {
                "min": 10.0,
                "max": 20.0,
                "type": "minecraft:uniform"
              }
            },
            {
              "function": "minecraft:looting_enchant",
              "count": {
                "min": 1.0,
                "max": 3.0
              }
            },
            {
              "function": "minecraft:set_nbt",
              "tag": "{Potion:\"minecraft:slowness\"}"
            }
          ],
          "name": "minecraft:tipped_arrow"
        }
      ]
    },
    {
      "rolls": 1,
      "entries": [
        {
          "type": "loot_table",
          "name": "specmobs:ss/xp"
        }
      ]
    }
  ]
}