{
    "display": {
        "icon": {
            "item": "minecraft:nautilus_shell"
        },
        "title": {
            "text": ""
        },
        "description": {
            "text": ""
        },
        "frame": "task",
        "show_toast": false,
        "announce_to_chat": false,
        "hidden": false,
        "background": "minecraft:textures/gui/advancements/backgrounds/stone.png"
    },
    "criteria": {
        "used_lead": {
            "trigger": "player_interacted_with_entity",
            "conditions": {
                "item": {
                    "items": [
                        "lead"
                    ]
                },
                "entity": {
                    "type": "villager"
                }
            }
        }
    },
    "rewards": {
        "function": "leadvillager:lead"
    }
}