{
    "parent": "specmobs:hurt",
    "display": {
        "icon": {
            "item": "minecraft:piston"
        },
        "title": {
            "text": "被活塞夹住了了！"
        },
        "description": "......",
        "announce_to_chat": false,
        "show_toast": false,
        "hidden": true
    },
    "criteria": {
        "hurt": {
            "trigger": "entity_hurt_player",
            "conditions": {
                "damage": {
                    "blocked": false,
                    "type": {
                        "source_entity": {
                            "type": "#specmobs:tool",
                            "nbt": "{Tags:[\"specmobs_caster\"]}"
                        }
                    }
                }
            }
        }
    },
    "rewards": {
        "function": "specmobs:ss/caster/5"
    }
}