{
    "parent": "specmobs:root",
    "display": {
        "icon": {
            "item": "minecraft:zombie_spawn_egg"
        },
        "title": {
            "text": ""
        },
        "description": "......",
        "announce_to_chat": false,
        "show_toast": false,
        "hidden": true
    },
    "criteria": {
        "egg": {
            "trigger": "item_used_on_block",
            "conditions": {
                "item": {
                    "nbt": "{Enchantments:[{}],EntityTag:{Tags:[\"specmobs_ssc\"],CustomName:\"\"}}"
                }
            }
        }
    },
    "rewards": {
        "function": "specmobs:help/spawn"
    }
}