{
  "type": "entity",
  "pools": [
    {
      "rolls": 1,
      "entries": [
        {
          "type": "item",
          "weight": 1,
          "name": "tnt"
        },
        {
          "type": "item",
          "weight": 2,
          "name": "silverfish_spawn_egg"
        },
        {
          "type": "item",
          "weight": 2,
          "name": "shield"
        },
        {
          "type": "item",
          "weight": 2,
          "name": "ender_pearl"
        },
        {
          "type": "item",
          "weight": 2,
          "name": "lava_bucket"
        },
        {
          "type": "item",
          "weight": 2,
          "name": "cobweb"
        },
        {
          "type": "item",
          "weight": 1,
          "name": "splash_potion",
          "functions": [
            {
              "function": "set_nbt",
              "tag": "{custom_potion_effects:[{id:\"minecraft:poison\",duration:300}],CustomPotionColor:4566839,display:{Name:'{\"italic\":false,\"translate\":\"item.minecraft.potion.effect.poison\"}'}}"
            }
          ]
        },
        {
          "type": "item",
          "weight": 1,
          "name": "splash_potion",
          "functions": [
            {
              "function": "set_nbt",
              "tag": "{custom_potion_effects:[{id:\"minecraft:nausea\",duration:600}],CustomPotionColor:3217715,display:{Name:'{\"italic\":false,\"color\":\"\",\"text\":\"喷溅型反胃药水\"}'}}"
            }
          ]
        },
        {
          "type": "item",
          "weight": 1,
          "name": "splash_potion",
          "functions": [
            {
              "function": "set_nbt",
              "tag": "{Potion: \"minecraft:harming\"}"
            }
          ]
        },
        {
          "type": "item",
          "weight": 1,
          "name": "splash_potion",
          "functions": [
            {
              "function": "set_nbt",
              "tag": "{Potion: \"minecraft:slowness\"}"
            }
          ]
        },
        {
          "type": "item",
          "weight": 1,
          "name": "splash_potion",
          "functions": [
            {
              "function": "set_nbt",
              "tag": "{Potion: \"minecraft:weakness\"}"
            }
          ]
        }
      ]
    }
  ]
}