{
  "type": "entity",
  "pools": [
    {
      "rolls": 1,
      "conditions": [
        {
          "condition": "inverted",
          "term": {
            "condition": "minecraft:entity_scores",
            "entity": "this",
            "scores": {
              "specmobs_404": {
                "min": 0
              }
            }
          }
        }
      ],
      "entries": [
        {
          "type": "item",
          "weight": 1,
          "name": "stone_pickaxe"
        },
        {
          "type": "item",
          "weight": 1,
          "name": "iron_pickaxe"
        }
      ]
    },
    {
      "rolls": 1,
      "conditions": [
        {
          "condition": "minecraft:entity_scores",
          "entity": "this",
          "scores": {
            "specmobs_404": {
              "min": -2000
            }
          }
        }
      ],
      "entries": [
        {
          "type": "item",
          "weight": 1,
          "name": "diamond_pickaxe"
        }
      ]
    }
  ]
}