[
    {
        "condition": "location_check",
        "predicate": {
            "position": {
                "y": {
                    "max": 73,
                    "min": 0
                }
            }
        }
    },
    {
        "condition": "inverted",
        "term": {
            "condition": "alternative",
            "terms": [
                {
                    "condition": "location_check",
                    "predicate": {
                        "biome": "desert"
                    }
                },
                {
                    "condition": "location_check",
                    "predicate": {
                        "biome": "desert_hills"
                    }
                },
                {
                    "condition": "location_check",
                    "predicate": {
                        "biome": "desert_lakes"
                    }
                },
                {
                    "condition": "location_check",
                    "predicate": {
                        "biome": "savanna"
                    }
                },
                {
                    "condition": "location_check",
                    "predicate": {
                        "biome": "savanna"
                    }
                },
                {
                    "condition": "location_check",
                    "predicate": {
                        "biome": "savanna_plateau"
                    }
                },
                {
                    "condition": "location_check",
                    "predicate": {
                        "biome": "shattered_savanna"
                    }
                },
                {
                    "condition": "location_check",
                    "predicate": {
                        "biome": "shattered_savanna_plateau"
                    }
                },
                {
                    "condition": "location_check",
                    "predicate": {
                        "biome": "badlands"
                    }
                },
                {
                    "condition": "location_check",
                    "predicate": {
                        "biome": "wooded_badlands_plateau"
                    }
                },
                {
                    "condition": "location_check",
                    "predicate": {
                        "biome": "badlands_plateau"
                    }
                },
                {
                    "condition": "location_check",
                    "predicate": {
                        "biome": "modified_badlands_plateau"
                    }
                },
                {
                    "condition": "location_check",
                    "predicate": {
                        "biome": "modified_wooded_badlands_plateau"
                    }
                }
            ]
        }
    },
    {
        "condition": "alternative",
        "terms": [
            {
                "condition": "weather_check",
                "raining": true
            },
            {
                "condition": "weather_check",
                "thundering": true
            }
        ]
    },
    {
        "condition": "random_chance",
        "chance": 0.5
    }
]