[
    {
        "condition": "location_check",
        "predicate": {
            "position": {
                "y": {
                    "max": 128
                }
            }
        }
    },
    {
        "condition": "alternative",
        "terms": [
            {
                "condition": "location_check",
                "predicate": {
                    "biome": "lush_caves"
                }
            },
            {
                "condition": "location_check",
                "predicate": {
                    "biome": "swamp"
                }
            },
            {
                "condition": "location_check",
                "predicate": {
                    "biome": "jungle"
                }
            },
            {
                "condition": "location_check",
                "predicate": {
                    "biome": "jungle_edge"
                }
            },
            {
                "condition": "location_check",
                "predicate": {
                    "biome": "jungle_hills"
                }
            },
            {
                "condition": "location_check",
                "predicate": {
                    "biome": "bamboo_jungle"
                }
            },
            {
                "condition": "location_check",
                "predicate": {
                    "biome": "bamboo_jungle_hills"
                }
            },
            {
                "condition": "location_check",
                "predicate": {
                    "biome": "modified_jungle"
                }
            },
            {
                "condition": "location_check",
                "predicate": {
                    "biome": "modified_jungle_edge"
                }
            },
            {
                "condition": "location_check",
                "predicate": {
                    "biome": "dark_forest"
                }
            },
            {
                "condition": "location_check",
                "predicate": {
                    "biome": "dark_forest_hills"
                }
            },
            {
                "condition": "location_check",
                "predicate": {
                    "biome": "forest"
                }
            },
            {
                "condition": "location_check",
                "predicate": {
                    "biome": "flower_forest"
                }
            },
            {
                "condition": "location_check",
                "predicate": {
                    "biome": "wooded_hills"
                }
            },
            {
                "condition": "location_check",
                "predicate": {
                    "biome": "birch_forest"
                }
            },
            {
                "condition": "location_check",
                "predicate": {
                    "biome": "tall_birch_hills"
                }
            },
            {
                "condition": "location_check",
                "predicate": {
                    "biome": "tall_birch_forest"
                }
            },
            {
                "condition": "location_check",
                "predicate": {
                    "biome": "tall_birch_hills"
                }
            }
        ]
    }
]