
{
    "condition": "alternative",
    "terms": [
        {
            "condition": "reference",
            "name": "specmobs:spawn/spawn2"
        },
        {
            "condition": "alternative",
            "terms": [
                {
                    "condition": "entity_properties",
                    "entity": "this",
                    "predicate": {
                        "type": "wither_skeleton",
                        "nbt": "{HandItems:[{id:\"minecraft:stone_sword\"},{}],Health:20.0f}"
                    }
                },
                {
                    "condition": "entity_properties",
                    "entity": "this",
                    "predicate": {
                        "type": "zombie_villager",
                        "nbt": "{HandItems:[{},{}],Health:20.0f}"
                    }
                },{
                    "condition": "entity_properties",
                    "entity": "this",
                    "predicate": {
                        "type": "spider",
                        "nbt": "{HandItems:[{},{}],Health:16.0f}"
                    }
                },{
                    "condition": "entity_properties",
                    "entity": "this",
                    "predicate": {
                        "type": "cave_spider",
                        "nbt": "{HandItems:[{},{}],Health:12.0f}"
                    }
                },{
                    "condition": "entity_properties",
                    "entity": "this",
                    "predicate": {
                        "type": "creeper",
                        "nbt": "{HandItems:[{},{}],Health:20.0f}"
                    }
                },{
                    "condition": "entity_properties",
                    "entity": "this",
                    "predicate": {
                        "type": "enderman",
                        "nbt": "{HandItems:[{},{}],Health:40.0f}"
                    }
                },{
                    "condition": "entity_properties",
                    "entity": "this",
                    "predicate": {
                        "type": "#raiders",
                        "nbt": "{Health:24.0f}"
                    }
                },{
                    "condition": "entity_properties",
                    "entity": "this",
                    "predicate": {
                        "type": "witch",
                        "nbt": "{HandItems:[{},{}],Health:26.0f}"
                    }
                },{
                    "condition": "entity_properties",
                    "entity": "this",
                    "predicate": {
                        "type": "ravager",
                        "nbt": "{HandItems:[{},{}],Health:100.0f}"
                    }
                },{
                    "condition": "entity_properties",
                    "entity": "this",
                    "predicate": {
                        "type": "spider",
                        "nbt": "{HandItems:[{},{}],Health:16.0f}"
                    }
                },{
                    "condition": "entity_properties",
                    "entity": "this",
                    "predicate": {
                        "type": "vex",
                        "nbt": "{HandItems:[{},{}],Health:14.0f}"
                    }
                },                            {
                    "condition": "inverted",
                    "term": {
                        "condition": "entity_properties",
                        "entity": "this",
                        "predicate": {
                            "type": "#specmobs:spawn2"
                        }
                    }
                }
            ]
        }
    ]
}