{
    "pools": [
        {
            "rolls": 1,
            "entries": [
                {
                    "type": "minecraft:item",
                    "name": "minecraft:golden_sword",
                    "conditions": [
                        {
                            "condition": "entity_properties",
                            "entity": "this",
                            "predicate": {
                                "equipment": {
                                    "mainhand": {
                                        "tag": "specmobs:sword"
                                    }
                                }
                            }
                        }
                    ],
                    "functions": [
                        {
                            "function": "minecraft:enchant_with_levels",
                            "levels": {
                                "max": 18,
                                "min": 3
                            },
                            "conditions": [
                                {
                                    "condition": "entity_scores",
                                    "entity": "this",
                                    "scores": {
                                        "specmobs_xp2": {
                                            "max": 999,
                                            "min": 0
                                        }
                                    }
                                }
                            ]
                        },
                        {
                            "function": "minecraft:enchant_with_levels",
                            "levels": {
                                "max": 22,
                                "min": 5
                            },
                            "conditions": [
                                {
                                    "condition": "entity_scores",
                                    "entity": "this",
                                    "scores": {
                                        "specmobs_xp2": {
                                            "max": 2999,
                                            "min": 1000
                                        }
                                    }
                                }
                            ]
                        },
                        {
                            "function": "minecraft:enchant_with_levels",
                            "levels": {
                                "max": 30,
                                "min": 20
                            },
                            "conditions": [
                                {
                                    "condition": "entity_scores",
                                    "entity": "this",
                                    "scores": {
                                        "specmobs_xp2": {
                                            "min": 3000
                                        }
                                    }
                                }
                            ]
                        },
						{
							"function": "minecraft:set_nbt",
							"tag": "{specmobs_specmobs:[kill]}"
						}
                    ]
                }
            ]
        },
        {
            "rolls": 1,
            "entries": [
                {
                    "type": "minecraft:item",
                    "name": "minecraft:bow",
                    "conditions": [
                        {
                            "condition": "entity_properties",
                            "entity": "this",
                            "predicate": {
                                "equipment": {
                                    "mainhand": {
                                        "items": [
                                            "bow"
                                        ]
                                    }
                                }
                            }
                        }
                    ],
                    "functions": [
                        {
                            "function": "minecraft:enchant_with_levels",
                            "levels": {
                                "max": 18,
                                "min": 3
                            },
                            "conditions": [
                                {
                                    "condition": "entity_scores",
                                    "entity": "this",
                                    "scores": {
                                        "specmobs_xp2": {
                                            "max": 999,
                                            "min": 0
                                        }
                                    }
                                }
                            ]
                        },
                        {
                            "function": "minecraft:enchant_with_levels",
                            "levels": {
                                "max": 22,
                                "min": 5
                            },
                            "conditions": [
                                {
                                    "condition": "entity_scores",
                                    "entity": "this",
                                    "scores": {
                                        "specmobs_xp2": {
                                            "max": 2999,
                                            "min": 1000
                                        }
                                    }
                                }
                            ]
                        },
                        {
                            "function": "minecraft:enchant_with_levels",
                            "levels": {
                                "max": 30,
                                "min": 20
                            },
                            "conditions": [
                                {
                                    "condition": "entity_scores",
                                    "entity": "this",
                                    "scores": {
                                        "specmobs_xp2": {
                                            "min": 3000
                                        }
                                    }
                                }
                            ]
                        },
						{
							"function": "minecraft:set_nbt",
							"tag": "{specmobs_specmobs:[kill]}"
						}
                    ]
                }
            ]
        },
        {
            "rolls": 1,
            "entries": [
                {
                    "type": "minecraft:item",
                    "name": "minecraft:bow",
                    "conditions": [
                        {
                            "condition": "entity_properties",
                            "entity": "this",
                            "predicate": {
                                "equipment": {
                                    "mainhand": {
                                        "items": [
                                            "crossbow"
                                        ]
                                    }
                                }
                            }
                        }
                    ],
                    "functions": [
                        {
                            "function": "minecraft:enchant_with_levels",
                            "levels": {
                                "max": 18,
                                "min": 3
                            },
                            "conditions": [
                                {
                                    "condition": "entity_scores",
                                    "entity": "this",
                                    "scores": {
                                        "specmobs_xp2": {
                                            "max": 999,
                                            "min": 0
                                        }
                                    }
                                }
                            ]
                        },
                        {
                            "function": "minecraft:enchant_with_levels",
                            "levels": {
                                "max": 22,
                                "min": 5
                            },
                            "conditions": [
                                {
                                    "condition": "entity_scores",
                                    "entity": "this",
                                    "scores": {
                                        "specmobs_xp2": {
                                            "max": 2999,
                                            "min": 1000
                                        }
                                    }
                                }
                            ]
                        },
                        {
                            "function": "minecraft:enchant_with_levels",
                            "levels": {
                                "max": 30,
                                "min": 20
                            },
                            "conditions": [
                                {
                                    "condition": "entity_scores",
                                    "entity": "this",
                                    "scores": {
                                        "specmobs_xp2": {
                                            "min": 3000
                                        }
                                    }
                                }
                            ]
                        },
						{
							"function": "minecraft:set_nbt",
							"tag": "{specmobs_specmobs:[kill]}"
						}
                    ]
                }
            ]
        },
        {
            "rolls": 1,
            "entries": [
                {
                    "type": "minecraft:item",
                    "name": "minecraft:bow",
                    "conditions": [
                        {
                            "condition": "entity_properties",
                            "entity": "this",
                            "predicate": {
                                "equipment": {
                                    "mainhand": {
                                        "items": [
                                            "trident"
                                        ]
                                    }
                                }
                            }
                        }
                    ],
                    "functions": [
                        {
                            "function": "minecraft:enchant_with_levels",
                            "levels": {
                                "max": 18,
                                "min": 3
                            },
                            "conditions": [
                                {
                                    "condition": "entity_scores",
                                    "entity": "this",
                                    "scores": {
                                        "specmobs_xp2": {
                                            "max": 999,
                                            "min": 0
                                        }
                                    }
                                }
                            ]
                        },
                        {
                            "function": "minecraft:enchant_with_levels",
                            "levels": {
                                "max": 22,
                                "min": 5
                            },
                            "conditions": [
                                {
                                    "condition": "entity_scores",
                                    "entity": "this",
                                    "scores": {
                                        "specmobs_xp2": {
                                            "max": 2999,
                                            "min": 1000
                                        }
                                    }
                                }
                            ]
                        },
                        {
                            "function": "minecraft:enchant_with_levels",
                            "levels": {
                                "max": 30,
                                "min": 20
                            },
                            "conditions": [
                                {
                                    "condition": "entity_scores",
                                    "entity": "this",
                                    "scores": {
                                        "specmobs_xp2": {
                                            "min": 3000
                                        }
                                    }
                                }
                            ]
                        },
						{
							"function": "minecraft:set_nbt",
							"tag": "{specmobs_specmobs:[kill]}"
						}
                    ]
                }
            ]
        }
    ]
}