{
	"pools": [
		{
			"rolls": 1,
			"entries": [
				{
					"type": "minecraft:item",
					"name": "minecraft:stone",
					"functions": [
						{
							"function": "minecraft:set_count",
							"count": 1
						},
						{
							"function": "minecraft:set_attributes",
							"modifiers": [
								{
									"attribute": "generic.luck",
									"amount": {
										"max": 20000,
										"min": 1
									},
									"name": "random",
									"operation": "addition",
									"slot": "chest"
								}
							]
						},
						{
							"function": "minecraft:set_nbt",
							"tag": "{specmobs_random:1b}"
						}
					]
				}
			]
		}
	]
}