{
    "functions": [
        {
            "function": "set_nbt",
            "tag": "{specmobs_ssc:1b,byShanguaihexianyyu:2b}"
        }
    ],
    "pools": [
        {
            "rolls": 1,
            "conditions": [
                {
                    "condition": "entity_properties",
                    "entity": "this",
                    "predicate": {
                        "type": "#specmobs:zombie"
                    }
                }
            ],
            "functions": [
                {
                    "function": "set_nbt",
                    "tag": "{specmobs_zombie:1b}"
                }
            ],
            "entries": [
                {
                    "type": "minecraft:item",
                    "name": "minecraft:stone",
                    "functions": [
                        {
                            "function": "minecraft:set_nbt",
                            "tag": "{specmobs_specmobs:[\"specmobs_ssc\",\"specmobs_disco\"]}"
                        }
                    ],
                    "weight": 1
                },
                {
                    "type": "minecraft:item",
                    "name": "minecraft:stone",
                    "functions": [
                        {
                            "function": "minecraft:set_nbt",
                            "tag": "{specmobs_specmobs:[\"specmobs_ssc\",\"specmobs_furnace\"]}"
                        }
                    ],
                    "weight": 2
                },
                {
                    "type": "minecraft:item",
                    "name": "minecraft:stone",
                    "functions": [
                        {
                            "function": "minecraft:set_nbt",
                            "tag": "{specmobs_specmobs:[\"specmobs_ssc\",\"specmobs_silverfish\"]}"
                        }
                    ],
                    "weight": 1
                },
                {
                    "type": "minecraft:item",
                    "name": "minecraft:stone",
                    "functions": [
                        {
                            "function": "minecraft:set_nbt",
                            "tag": "{specmobs_specmobs:[\"specmobs_ssc\",\"specmobs_caster\"]}"
                        }
                    ],
                    "weight": 2
                },
                {
                    "type": "minecraft:item",
                    "name": "minecraft:stone",
                    "conditions": [
                        {
                            "condition": "entity_scores",
                            "entity": "this",
                            "scores": {
                                "specmobs_xp2": {
                                    "min": 500
                                }
                            }
                        }
                    ],
                    "functions": [
                        {
                            "function": "minecraft:set_nbt",
                            "tag": "{specmobs_specmobs:[\"specmobs_ssc\",\"specmobs_doctor\"]}"
                        }
                    ],
                    "weight": 1
                },
                {
                    "type": "minecraft:item",
                    "name": "minecraft:stone",
                    "conditions": [
                        {
                            "condition": "entity_scores",
                            "entity": "this",
                            "scores": {
                                "specmobs_xp2": {
                                    "min": 500
                                }
                            }
                        }
                    ],
                    "functions": [
                        {
                            "function": "minecraft:set_nbt",
                            "tag": "{specmobs_specmobs:[\"specmobs_ssc\",\"specmobs_knight\"]}"
                        }
                    ],
                    "weight": 1
                },
                {
                    "type": "minecraft:item",
                    "name": "minecraft:stone",
                    "conditions": [
                        {
                            "condition": "entity_scores",
                            "entity": "this",
                            "scores": {
                                "specmobs_xp2": {
                                    "min": 1000
                                }
                            }
                        }
                    ],
                    "functions": [
                        {
                            "function": "minecraft:set_nbt",
                            "tag": "{specmobs_specmobs:[\"specmobs_ssc\",\"specmobs_wizard\"]}"
                        }
                    ],
                    "weight": 1
                },
                {
                    "type": "minecraft:item",
                    "name": "minecraft:stone",
                    "conditions": [
                        {
                            "condition": "entity_scores",
                            "entity": "this",
                            "scores": {
                                "specmobs_xp2": {
                                    "min": 1000
                                }
                            }
                        }
                    ],
                    "functions": [
                        {
                            "function": "minecraft:set_nbt",
                            "tag": "{specmobs_specmobs:[\"specmobs_ssc\",\"specmobs_ender\"]}"
                        }
                    ],
                    "weight": 1
                },
                {
                    "type": "minecraft:item",
                    "name": "minecraft:stone",
                    "conditions": [
                        {
                            "condition": "entity_scores",
                            "entity": "this",
                            "scores": {
                                "specmobs_xp2": {
                                    "min": 1000
                                }
                            }
                        }
                    ],
                    "functions": [
                        {
                            "function": "minecraft:set_nbt",
                            "tag": "{specmobs_specmobs:[\"specmobs_ssc\",\"specmobs_uav\"]}"
                        }
                    ],
                    "weight": 1
                },
                {
                    "type": "minecraft:item",
                    "name": "minecraft:stone",
                    "conditions": [
                        {
                            "condition": "entity_scores",
                            "entity": "this",
                            "scores": {
                                "specmobs_xp2": {
                                    "min": 1000
                                }
                            }
                        }
                    ],
                    "functions": [
                        {
                            "function": "minecraft:set_nbt",
                            "tag": "{specmobs_specmobs:[\"specmobs_ssc\",\"specmobs_firework\"]}"
                        }
                    ],
                    "weight": 1
                },
                {
                    "type": "minecraft:item",
                    "name": "minecraft:stone",
                    "conditions": [
                        {
                            "condition": "entity_scores",
                            "entity": "this",
                            "scores": {
                                "specmobs_xp2": {
                                    "min": 1000
                                }
                            }
                        }
                    ],
                    "functions": [
                        {
                            "function": "minecraft:set_nbt",
                            "tag": "{specmobs_specmobs:[\"specmobs_ssc\",\"specmobs_fang\"]}"
                        }
                    ],
                    "weight": 1
                }
            ]
        },
        





        {
            "rolls": 1,
            "conditions": [
                {
                    "condition": "entity_properties",
                    "entity": "this",
                    "predicate": {
                        "type": "#specmobs:skeleton"
                    }
                }
            ],
            "functions": [
                {
                    "function": "set_nbt",
                    "tag": "{specmobs_skeleton:1b}"
                }
            ],
            "entries": [
                {
                    "type": "minecraft:item",
                    "name": "minecraft:stone",
                    "functions": [
                        {
                            "function": "minecraft:set_nbt",
                            "tag": "{specmobs_specmobs:[\"specmobs_ssc\",\"specmobs_mg\"]}"
                        }
                    ],
                    "weight": 3
                },
                {
                    "type": "minecraft:item",
                    "name": "minecraft:stone",
                    "functions": [
                        {
                            "function": "minecraft:set_nbt",
                            "tag": "{specmobs_specmobs:[\"specmobs_ssc\",\"specmobs_furnace\"]}"
                        }
                    ],
                    "weight": 2
                },
                {
                    "type": "minecraft:item",
                    "name": "minecraft:stone",
                    "functions": [
                        {
                            "function": "minecraft:set_nbt",
                            "tag": "{specmobs_specmobs:[\"specmobs_ssc\",\"specmobs_silverfish\"]}"
                        }
                    ],
                    "weight": 1
                },
                {
                    "type": "minecraft:item",
                    "name": "minecraft:stone",
                    "functions": [
                        {
                            "function": "minecraft:set_nbt",
                            "tag": "{specmobs_specmobs:[\"specmobs_ssc\",\"specmobs_caster\"]}"
                        }
                    ],
                    "weight": 1
                },
                {
                    "type": "minecraft:item",
                    "name": "minecraft:stone",
                    "conditions": [
                        {
                            "condition": "entity_scores",
                            "entity": "this",
                            "scores": {
                                "specmobs_xp2": {
                                    "min": 500
                                }
                            }
                        }
                    ],
                    "functions": [
                        {
                            "function": "minecraft:set_nbt",
                            "tag": "{specmobs_specmobs:[\"specmobs_ssc\",\"specmobs_doctor\"]}"
                        }
                    ],
                    "weight": 1
                },
                {
                    "type": "minecraft:item",
                    "name": "minecraft:stone",
                    "conditions": [
                        {
                            "condition": "entity_scores",
                            "entity": "this",
                            "scores": {
                                "specmobs_xp2": {
                                    "min": 500
                                }
                            }
                        }
                    ],
                    "functions": [
                        {
                            "function": "minecraft:set_nbt",
                            "tag": "{specmobs_specmobs:[\"specmobs_ssc\",\"specmobs_knight\"]}"
                        }
                    ],
                    "weight": 1
                }
            ]
        }
    ]
}