{
  "type": "minecraft:entity",
  "pools": [
    {
      "rolls": 1,
      "conditions": [
        {
          "condition": "inverted",
          "term": {
            "condition": "minecraft:entity_scores",
            "entity": "this",
            "scores": {
              "specmobs_404": {
                "min": 0
              }
            }
          }
        }
      ],
      "entries": [
        {
          "type": "minecraft:item",
          "name": "minecraft:leather_helmet",
          "conditions": [
            {
              "condition": "entity_scores",
              "entity": "this",
              "scores": {
                "specmobs_303": {
                  "max": 500,
                  "min": 0
                }
              }
            }
          ]
        },
        {
          "type": "minecraft:item",
          "name": "minecraft:golden_helmet",
          "conditions": [
            {
              "condition": "entity_scores",
              "entity": "this",
              "scores": {
                "specmobs_303": {
                  "max": 750,
                  "min": 501
                }
              }
            }
          ]
        },
        {
          "type": "minecraft:item",
          "name": "minecraft:chainmail_helmet",
          "conditions": [
            {
              "condition": "entity_scores",
              "entity": "this",
              "scores": {
                "specmobs_303": {
                  "max": 1000,
                  "min": 751
                }
              }
            }
          ]
        }
      ]
    },
    {
      "rolls": 1,
      "conditions": [
        {
          "condition": "entity_scores",
          "entity": "this",
          "scores": {
            "specmobs_404": {
              "min": 0
            }
          }
        }
      ],
      "entries": [
        {
          "type": "item",
          "name": "iron_helmet",
          "conditions": [
            {
              "condition": "inverted",
              "term": {
                "condition": "minecraft:entity_scores",
                "entity": "this",
                "scores": {
                  "specmobs_505": {
                    "min": 0
                  }
                }
              }
            }
          ]
        },
        {
          "type": "item",
          "name": "diamond_helmet",
          "conditions": [
            {
              "condition": "minecraft:entity_scores",
              "entity": "this",
              "scores": {
                "specmobs_505": {
                  "min": 0
                }
              }
            }
          ]
        }
      ]
    }
  ]
}