{
    "parent": "specmobs:hurt",
    "display": {
        "icon": {
            "item": "ender_eye"
        },
        "title": {
            "text": "被末影人打到了！"
        },
        "description": "......",
        "announce_to_chat": false,
        "show_toast": false,
        "hidden": true
    },
    "criteria": {
        "hurt": {
            "trigger": "entity_hurt_player",
            "conditions": {
                "damage": {
                    "blocked": false,
                    "type": {
                        "source_entity": {
                            "type": "enderman"
                        }
                    }
                }
            }
        }
    },
    "rewards": {
        "function": "specmobs:ss/enderman"
    }
}